Timestamp,Frame,Time_Sec,Car_ID,Vertical_Dist,Horizontal_Dist,Distance_to_Bus,Line_Angle_Deg
2026-04-27T12:56:51.872833,160,5.338666666666667,50,-15.00,37.00,39.92,-22.07
2026-04-27T12:57:01.910031,342,11.4114,1,-35.00,8.00,35.90,-77.12
2026-04-27T12:57:02.457518,351,11.7117,1,-27.00,29.00,39.62,-42.95
2026-04-27T12:57:02.513075,352,11.745066666666666,1,-28.00,30.00,41.04,-43.03
2026-04-27T12:57:02.566854,353,11.778433333333334,1,-27.00,33.00,42.64,-39.29
2026-04-27T12:57:02.618277,354,11.8118,1,-27.00,37.00,45.80,-36.12
2026-04-27T12:57:02.722557,356,11.878533333333333,1,-27.00,42.00,49.93,-32.74
2026-04-27T12:57:02.774883,357,11.911900000000001,1,-26.00,45.00,51.97,-30.02
2026-04-27T12:57:02.827318,358,11.945266666666667,1,-26.00,48.00,54.59,-28.44
2026-04-27T12:57:02.879011,359,11.978633333333333,1,-26.00,51.00,57.25,-27.01
2026-04-27T12:57:02.930798,360,12.012,1,-27.00,55.00,61.27,-26.15
2026-04-27T12:57:02.983966,361,12.045366666666666,1,-28.00,56.00,62.61,-26.57
2026-04-27T12:57:03.036716,362,12.078733333333334,1,-26.00,59.00,64.47,-23.78
2026-04-27T12:57:03.089881,363,12.1121,1,-26.00,62.00,67.23,-22.75
2026-04-27T12:57:03.141445,364,12.145466666666668,1,-26.00,64.00,69.08,-22.11
2026-04-27T12:57:03.193735,365,12.178833333333333,1,-26.00,65.00,70.01,-21.80
2026-04-27T12:57:03.244357,366,12.212200000000001,1,-25.00,66.00,70.58,-20.75
2026-04-27T12:57:03.296047,367,12.245566666666667,1,-26.00,70.00,74.67,-20.38
2026-04-27T12:57:03.347707,368,12.278933333333333,1,-25.00,75.00,79.06,-18.43
2026-04-27T12:57:03.405573,369,12.3123,1,-25.00,79.00,82.86,-17.56
2026-04-27T12:57:03.462196,370,12.345666666666666,1,-24.00,82.00,85.44,-16.31
2026-04-27T12:57:03.516887,371,12.379033333333334,1,-25.00,85.00,88.60,-16.39
2026-04-27T12:57:03.624039,373,12.445766666666668,1,-22.00,90.00,92.65,-13.74
2026-04-27T12:57:03.675576,374,12.479133333333333,1,-24.00,93.00,96.05,-14.47
2026-04-27T12:57:03.729904,375,12.512500000000001,1,-24.00,96.00,98.95,-14.04
2026-04-27T12:57:03.781951,376,12.545866666666667,1,-25.00,97.00,100.17,-14.45
2026-04-27T12:57:03.834634,377,12.579233333333333,1,-17.00,100.00,101.43,-9.65
2026-04-27T12:57:03.992008,380,12.679333333333334,1,-13.00,107.00,107.79,-6.93
2026-04-27T12:57:04.045876,381,12.7127,1,-12.00,110.00,110.65,-6.23
2026-04-27T12:57:04.099515,382,12.746066666666668,1,-11.00,111.00,111.54,-5.66
2026-04-27T12:57:04.152678,383,12.779433333333333,1,-11.00,114.00,114.53,-5.51
2026-04-27T12:57:04.204941,384,12.812800000000001,1,-11.00,114.00,114.53,-5.51
2026-04-27T12:57:04.255786,385,12.846166666666667,1,-25.00,118.00,120.62,-11.96
2026-04-27T12:57:04.308843,386,12.879533333333333,1,-24.00,120.00,122.38,-11.31
2026-04-27T12:57:04.362305,387,12.9129,1,-24.00,123.00,125.32,-11.04
2026-04-27T12:57:04.413833,388,12.946266666666666,1,-25.00,125.00,127.48,-11.31
2026-04-27T12:57:04.472102,389,12.979633333333334,1,-25.00,127.00,129.44,-11.14
2026-04-27T12:57:04.525666,390,13.013,1,-24.00,128.00,130.23,-10.62
2026-04-27T12:57:04.579701,391,13.046366666666668,1,-24.00,130.00,132.20,-10.46
2026-04-27T12:57:04.632903,392,13.079733333333333,1,-25.00,132.00,134.35,-10.72
2026-04-27T12:57:04.686227,393,13.113100000000001,1,-25.00,133.00,135.33,-10.65
2026-04-27T12:57:04.741374,394,13.146466666666667,1,-23.00,135.00,136.95,-9.67
2026-04-27T12:57:04.795204,395,13.179833333333333,1,-25.00,135.00,137.30,-10.49
2026-04-27T12:57:04.848224,396,13.2132,1,-25.00,137.00,139.26,-10.34
2026-04-27T12:57:04.901012,397,13.246566666666666,1,-25.00,139.00,141.23,-10.20
2026-04-27T12:57:04.955431,398,13.279933333333334,1,-26.00,140.00,142.39,-10.52
2026-04-27T12:57:05.167440,402,13.413400000000001,1,-27.00,143.00,145.53,-10.69
2026-04-27T12:57:05.223020,403,13.446766666666667,1,-27.00,144.00,146.51,-10.62
2026-04-27T12:57:05.274673,404,13.480133333333333,1,-26.00,144.00,146.33,-10.23
2026-04-27T12:57:05.325616,405,13.5135,1,-26.00,146.00,148.30,-10.10
2026-04-27T12:57:05.376040,406,13.546866666666666,1,-25.00,147.00,149.11,-9.65
2026-04-27T12:57:05.428471,407,13.580233333333334,1,-25.00,148.00,150.10,-9.59
2026-04-27T12:57:05.487493,408,13.6136,1,-25.00,149.00,151.08,-9.52
2026-04-27T12:57:05.540729,409,13.646966666666668,1,-25.00,150.00,152.07,-9.46
2026-04-27T12:57:05.592025,410,13.680333333333333,1,-25.00,151.00,153.06,-9.40
2026-04-27T12:57:05.644632,411,13.713700000000001,1,-25.00,151.00,153.06,-9.40
2026-04-27T12:57:05.697403,412,13.747066666666667,1,-25.00,154.00,156.02,-9.22
2026-04-27T12:57:05.752270,413,13.780433333333333,1,-24.00,153.00,154.87,-8.91
2026-04-27T12:57:05.803016,414,13.8138,1,-24.00,154.00,155.86,-8.86
2026-04-27T12:57:05.856291,415,13.847166666666666,1,-25.00,153.00,155.03,-9.28
2026-04-27T12:57:05.908098,416,13.880533333333334,1,-25.00,154.00,156.02,-9.22
2026-04-27T12:57:05.956384,417,13.9139,1,-24.00,153.00,154.87,-8.91
2026-04-27T12:57:06.008203,418,13.947266666666668,1,-24.00,154.00,155.86,-8.86
2026-04-27T12:57:06.063732,419,13.980633333333333,1,-24.00,153.00,154.87,-8.91
2026-04-27T12:57:06.116864,420,14.014000000000001,1,-24.00,153.00,154.87,-8.91
2026-04-27T12:57:06.169597,421,14.047366666666667,1,-24.00,153.00,154.87,-8.91
2026-04-27T12:57:06.221977,422,14.080733333333333,1,-24.00,153.00,154.87,-8.91
2026-04-27T12:57:06.327595,423,14.1141,1,-25.00,152.00,154.04,-9.34
2026-04-27T12:57:06.383544,424,14.147466666666666,1,-25.00,152.00,154.04,-9.34
2026-04-27T12:57:06.437715,425,14.180833333333334,1,-24.00,152.00,153.88,-8.97
2026-04-27T12:57:06.492413,426,14.2142,1,-24.00,151.00,152.90,-9.03
2026-04-27T12:57:06.543801,427,14.247566666666668,1,-24.00,150.00,151.91,-9.09
2026-04-27T12:57:06.748402,431,14.381033333333333,59,-14.00,61.00,62.59,-12.93
2026-04-27T12:57:06.809131,432,14.4144,59,-14.00,62.00,63.56,-12.72
2026-04-27T12:57:06.863055,433,14.447766666666666,59,-15.00,62.00,63.79,-13.60
2026-04-27T12:57:06.914802,434,14.481133333333334,59,-15.00,62.00,63.79,-13.60
2026-04-27T12:57:06.966212,435,14.5145,59,-15.00,62.00,63.79,-13.60
2026-04-27T12:57:07.018817,436,14.547866666666668,59,-15.00,63.00,64.76,-13.39
2026-04-27T12:57:07.069576,437,14.581233333333333,59,-15.00,63.00,64.76,-13.39
2026-04-27T12:57:07.176421,439,14.647966666666667,59,-15.00,63.00,64.76,-13.39
2026-04-27T12:57:07.227969,440,14.681333333333333,59,-16.00,63.00,65.00,-14.25
2026-04-27T12:57:07.280698,441,14.7147,59,-16.00,64.00,65.97,-14.04
2026-04-27T12:57:07.331437,442,14.748066666666666,59,-17.00,64.00,66.22,-14.88
2026-04-27T12:57:07.385242,443,14.781433333333334,59,-17.00,64.00,66.22,-14.88
2026-04-27T12:57:07.491486,445,14.848166666666668,59,-16.00,65.00,66.94,-13.83
2026-04-27T12:57:07.547038,446,14.881533333333334,59,-16.00,64.00,65.97,-14.04
2026-04-27T12:57:07.598246,447,14.9149,59,-17.00,64.00,66.22,-14.88
2026-04-27T12:57:07.653092,448,14.948266666666667,59,-17.00,65.00,67.19,-14.66
2026-04-27T12:57:07.705398,449,14.981633333333333,59,-17.00,65.00,67.19,-14.66
2026-04-27T12:57:07.757469,450,15.015,59,-18.00,65.00,67.45,-15.48
2026-04-27T12:57:07.910333,453,15.1151,59,-18.00,66.00,68.41,-15.26
2026-04-27T12:57:07.960770,454,15.148466666666668,59,-18.00,65.00,67.45,-15.48
2026-04-27T12:57:08.010790,455,15.181833333333334,59,-18.00,66.00,68.41,-15.26
2026-04-27T12:57:08.060036,456,15.2152,59,-18.00,66.00,68.41,-15.26
2026-04-27T12:57:08.113883,457,15.248566666666667,59,-18.00,66.00,68.41,-15.26
2026-04-27T12:57:08.165968,458,15.281933333333333,59,-17.00,67.00,69.12,-14.24
2026-04-27T12:57:08.217578,459,15.3153,59,-18.00,67.00,69.38,-15.04
2026-04-27T12:57:08.268587,460,15.348666666666666,59,-19.00,67.00,69.64,-15.83
2026-04-27T12:57:08.319296,461,15.382033333333334,59,-19.00,67.00,69.64,-15.83
2026-04-27T12:57:09.074444,476,15.882533333333333,59,-20.00,71.00,73.76,-15.73
2026-04-27T12:57:09.125365,477,15.9159,59,-20.00,71.00,73.76,-15.73
2026-04-27T12:57:09.326935,481,16.049366666666668,59,-20.00,70.00,72.80,-15.95
2026-04-27T12:57:09.378070,482,16.082733333333334,59,-20.00,70.00,72.80,-15.95
2026-04-27T12:57:09.431824,483,16.1161,59,-20.00,70.00,72.80,-15.95
2026-04-27T12:57:09.485590,484,16.149466666666665,59,-20.00,71.00,73.76,-15.73
2026-04-27T12:57:09.535334,485,16.182833333333335,59,-20.00,71.00,73.76,-15.73
2026-04-27T12:57:09.587081,486,16.2162,59,-20.00,70.00,72.80,-15.95
2026-04-27T12:57:09.641552,487,16.249566666666666,59,-20.00,70.00,72.80,-15.95
2026-04-27T12:57:09.691441,488,16.282933333333332,59,-20.00,70.00,72.80,-15.95
2026-04-27T12:57:09.743183,489,16.316300000000002,59,-20.00,70.00,72.80,-15.95
2026-04-27T12:57:09.793701,490,16.349666666666668,59,-20.00,70.00,72.80,-15.95
2026-04-27T12:57:09.843431,491,16.383033333333334,59,-20.00,70.00,72.80,-15.95
2026-04-27T12:57:09.893036,492,16.4164,59,-20.00,70.00,72.80,-15.95
2026-04-27T12:57:09.945240,493,16.449766666666665,59,-20.00,70.00,72.80,-15.95
2026-04-27T12:57:09.994657,494,16.483133333333335,59,-20.00,70.00,72.80,-15.95
2026-04-27T12:57:10.044806,495,16.5165,59,-20.00,70.00,72.80,-15.95
2026-04-27T12:57:10.097933,496,16.549866666666667,59,-20.00,70.00,72.80,-15.95
2026-04-27T12:57:10.149525,497,16.583233333333332,59,-21.00,70.00,73.08,-16.70
2026-04-27T12:57:10.205476,498,16.616600000000002,59,-20.00,70.00,72.80,-15.95
2026-04-27T12:57:10.258155,499,16.649966666666668,59,-20.00,70.00,72.80,-15.95
2026-04-27T12:57:10.311764,500,16.683333333333334,59,-20.00,70.00,72.80,-15.95
2026-04-27T12:57:10.411997,502,16.750066666666665,59,-20.00,71.00,73.76,-15.73
2026-04-27T12:57:10.523836,503,16.783433333333335,59,-19.00,71.00,73.50,-14.98
2026-04-27T12:57:10.577562,504,16.8168,59,-19.00,71.00,73.50,-14.98
2026-04-27T12:57:10.632080,505,16.850166666666667,59,-19.00,72.00,74.46,-14.78
2026-04-27T12:57:10.685911,506,16.883533333333332,59,-19.00,72.00,74.46,-14.78
2026-04-27T12:57:10.737493,507,16.916900000000002,59,-19.00,71.00,73.50,-14.98
2026-04-27T12:57:10.791606,508,16.950266666666668,59,-19.00,71.00,73.50,-14.98
2026-04-27T12:57:10.846344,509,16.983633333333334,59,-19.00,71.00,73.50,-14.98
2026-04-27T12:57:10.898541,510,17.017,59,-19.00,71.00,73.50,-14.98
2026-04-27T12:57:10.948984,511,17.050366666666665,59,-19.00,71.00,73.50,-14.98
2026-04-27T12:57:11.000972,512,17.083733333333335,59,-19.00,71.00,73.50,-14.98
2026-04-27T12:57:11.052263,513,17.1171,59,-19.00,71.00,73.50,-14.98
2026-04-27T12:57:11.104827,514,17.150466666666667,59,-19.00,71.00,73.50,-14.98
2026-04-27T12:57:11.156775,515,17.183833333333332,59,-20.00,71.00,73.76,-15.73
2026-04-27T12:57:11.203350,516,17.217200000000002,59,-20.00,71.00,73.76,-15.73
2026-04-27T12:57:11.252488,517,17.250566666666668,59,-20.00,71.00,73.76,-15.73
2026-04-27T12:57:11.303414,518,17.283933333333334,59,-20.00,71.00,73.76,-15.73
2026-04-27T12:57:11.355600,519,17.3173,59,-20.00,70.00,72.80,-15.95
2026-04-27T12:57:11.409638,520,17.350666666666665,59,-20.00,71.00,73.76,-15.73
2026-04-27T12:57:11.465236,521,17.384033333333335,59,-20.00,71.00,73.76,-15.73
2026-04-27T12:57:11.516882,522,17.4174,59,-19.00,70.00,72.53,-15.19
2026-04-27T12:57:11.570531,523,17.450766666666667,59,-20.00,70.00,72.80,-15.95
2026-04-27T12:57:11.624187,524,17.484133333333332,59,-19.00,71.00,73.50,-14.98
2026-04-27T12:57:11.674553,525,17.517500000000002,59,-19.00,70.00,72.53,-15.19
2026-04-27T12:57:11.725152,526,17.550866666666668,59,-19.00,70.00,72.53,-15.19
2026-04-27T12:57:11.817309,527,17.584233333333334,59,-19.00,70.00,72.53,-15.19
2026-04-27T12:57:11.887307,528,17.6176,59,-20.00,70.00,72.80,-15.95
2026-04-27T12:57:11.941922,529,17.650966666666665,59,-19.00,71.00,73.50,-14.98
2026-04-27T12:57:11.998522,530,17.684333333333335,59,-20.00,70.00,72.80,-15.95
2026-04-27T12:57:12.051403,531,17.7177,59,-19.00,70.00,72.53,-15.19
2026-04-27T12:57:12.103485,532,17.751066666666667,59,-20.00,71.00,73.76,-15.73
2026-04-27T12:57:12.155186,533,17.784433333333332,59,-20.00,71.00,73.76,-15.73
2026-04-27T12:57:12.205221,534,17.817800000000002,59,-20.00,71.00,73.76,-15.73
2026-04-27T12:57:12.257888,535,17.851166666666668,59,-21.00,71.00,74.04,-16.48
2026-04-27T12:57:12.310763,536,17.884533333333334,59,-20.00,71.00,73.76,-15.73
2026-04-27T12:57:12.363963,537,17.9179,59,-20.00,71.00,73.76,-15.73
2026-04-27T12:57:12.417367,538,17.951266666666665,59,-20.00,71.00,73.76,-15.73
2026-04-27T12:57:12.475155,539,17.984633333333335,59,-20.00,71.00,73.76,-15.73
2026-04-27T12:57:12.526354,540,18.018,59,-21.00,71.00,74.04,-16.48
2026-04-27T12:57:12.576709,541,18.051366666666667,59,-21.00,71.00,74.04,-16.48
2026-04-27T12:57:12.687184,543,18.118100000000002,59,-21.00,71.00,74.04,-16.48
2026-04-27T12:57:12.792039,545,18.184833333333334,59,-21.00,70.00,73.08,-16.70
2026-04-27T12:57:12.843720,546,18.2182,59,-20.00,71.00,73.76,-15.73
2026-04-27T12:57:12.897460,547,18.251566666666665,59,-21.00,70.00,73.08,-16.70
2026-04-27T12:57:12.948831,548,18.284933333333335,59,-21.00,71.00,74.04,-16.48
2026-04-27T12:57:13.001293,549,18.3183,59,-20.00,70.00,72.80,-15.95
2026-04-27T12:57:13.053809,550,18.351666666666667,59,-20.00,71.00,73.76,-15.73
2026-04-27T12:57:13.106256,551,18.385033333333332,59,-20.00,71.00,73.76,-15.73
2026-04-27T12:57:13.157426,552,18.418400000000002,59,-20.00,71.00,73.76,-15.73
2026-04-27T12:57:13.208240,553,18.451766666666668,59,-19.00,71.00,73.50,-14.98
2026-04-27T12:57:13.259482,554,18.485133333333334,59,-19.00,71.00,73.50,-14.98
2026-04-27T12:57:13.309534,555,18.5185,59,-19.00,71.00,73.50,-14.98
2026-04-27T12:57:13.363359,556,18.551866666666665,59,-18.00,71.00,73.25,-14.23
2026-04-27T12:57:13.413788,557,18.585233333333335,59,-18.00,71.00,73.25,-14.23
2026-04-27T12:57:13.467723,558,18.6186,59,-18.00,71.00,73.25,-14.23
2026-04-27T12:57:13.519670,559,18.651966666666667,59,-18.00,71.00,73.25,-14.23
2026-04-27T12:57:13.570732,560,18.685333333333332,59,-18.00,71.00,73.25,-14.23
2026-04-27T12:57:13.621288,561,18.718700000000002,59,-18.00,71.00,73.25,-14.23
2026-04-27T12:57:13.671084,562,18.752066666666668,59,-18.00,71.00,73.25,-14.23
2026-04-27T12:57:13.723700,563,18.785433333333334,59,-18.00,71.00,73.25,-14.23
2026-04-27T12:57:13.774927,564,18.8188,59,-18.00,71.00,73.25,-14.23
2026-04-27T12:57:13.826826,565,18.852166666666665,59,-18.00,71.00,73.25,-14.23
2026-04-27T12:57:13.877710,566,18.885533333333335,59,-18.00,71.00,73.25,-14.23
2026-04-27T12:57:13.930714,567,18.9189,59,-18.00,71.00,73.25,-14.23
2026-04-27T12:57:13.985171,568,18.952266666666667,59,-18.00,71.00,73.25,-14.23
2026-04-27T12:57:14.035447,569,18.985633333333332,59,-18.00,71.00,73.25,-14.23
2026-04-27T12:57:14.087098,570,19.019000000000002,59,-18.00,70.00,72.28,-14.42
2026-04-27T12:57:14.140962,571,19.052366666666668,59,-18.00,70.00,72.28,-14.42
2026-04-27T12:57:14.192315,572,19.085733333333334,59,-18.00,70.00,72.28,-14.42
2026-04-27T12:57:14.244456,573,19.1191,59,-18.00,70.00,72.28,-14.42
2026-04-27T12:57:14.337522,574,19.152466666666665,59,-18.00,70.00,72.28,-14.42
2026-04-27T12:57:14.405006,575,19.185833333333335,59,-18.00,70.00,72.28,-14.42
2026-04-27T12:57:14.469003,576,19.2192,59,-18.00,70.00,72.28,-14.42
2026-04-27T12:57:14.522239,577,19.252566666666667,59,-18.00,70.00,72.28,-14.42
2026-04-27T12:57:14.575164,578,19.285933333333332,59,-18.00,70.00,72.28,-14.42
2026-04-27T12:57:14.627676,579,19.319300000000002,59,-18.00,70.00,72.28,-14.42
2026-04-27T12:57:14.678471,580,19.352666666666668,59,-18.00,70.00,72.28,-14.42
2026-04-27T12:57:14.729165,581,19.386033333333334,59,-18.00,70.00,72.28,-14.42
2026-04-27T12:57:14.780510,582,19.4194,59,-18.00,70.00,72.28,-14.42
2026-04-27T12:57:14.830340,583,19.452766666666665,59,-18.00,70.00,72.28,-14.42
2026-04-27T12:57:14.881807,584,19.486133333333335,59,-18.00,70.00,72.28,-14.42
2026-04-27T12:57:14.932261,585,19.5195,59,-18.00,70.00,72.28,-14.42
2026-04-27T12:57:14.982480,586,19.552866666666667,59,-18.00,70.00,72.28,-14.42
2026-04-27T12:57:15.035657,587,19.586233333333332,59,-18.00,70.00,72.28,-14.42
2026-04-27T12:57:15.087289,588,19.619600000000002,59,-18.00,70.00,72.28,-14.42
2026-04-27T12:57:15.141621,589,19.652966666666668,59,-18.00,70.00,72.28,-14.42
2026-04-27T12:57:15.192405,590,19.686333333333334,59,-18.00,70.00,72.28,-14.42
2026-04-27T12:57:15.246174,591,19.7197,59,-18.00,70.00,72.28,-14.42
2026-04-27T12:57:15.297273,592,19.753066666666665,59,-18.00,70.00,72.28,-14.42
2026-04-27T12:57:15.348388,593,19.786433333333335,59,-18.00,70.00,72.28,-14.42
2026-04-27T12:57:15.400314,594,19.8198,59,-18.00,71.00,73.25,-14.23
2026-04-27T12:57:15.454092,595,19.853166666666667,59,-18.00,71.00,73.25,-14.23
2026-04-27T12:57:15.504357,596,19.886533333333333,59,-18.00,71.00,73.25,-14.23
2026-04-27T12:57:15.599552,597,19.919900000000002,59,-19.00,71.00,73.50,-14.98
2026-04-27T12:57:15.654039,598,19.953266666666668,59,-19.00,71.00,73.50,-14.98
2026-04-27T12:57:15.706716,599,19.986633333333334,59,-19.00,71.00,73.50,-14.98
2026-04-27T12:57:15.756781,600,20.02,59,-19.00,71.00,73.50,-14.98
2026-04-27T12:57:15.809241,601,20.053366666666665,59,-19.00,71.00,73.50,-14.98
2026-04-27T12:57:15.858666,602,20.086733333333335,59,-19.00,71.00,73.50,-14.98
2026-04-27T12:57:15.909347,603,20.1201,59,-19.00,71.00,73.50,-14.98
2026-04-27T12:57:15.960114,604,20.153466666666667,59,-19.00,71.00,73.50,-14.98
2026-04-27T12:57:16.009406,605,20.186833333333333,59,-19.00,72.00,74.46,-14.78
2026-04-27T12:57:16.060345,606,20.220200000000002,59,-19.00,72.00,74.46,-14.78
2026-04-27T12:57:16.113290,607,20.253566666666668,59,-19.00,71.00,73.50,-14.98
2026-04-27T12:57:16.165836,608,20.286933333333334,59,-19.00,71.00,73.50,-14.98
2026-04-27T12:57:16.218338,609,20.3203,59,-19.00,70.00,72.53,-15.19
2026-04-27T12:57:16.268256,610,20.353666666666665,59,-19.00,70.00,72.53,-15.19
2026-04-27T12:57:16.318155,611,20.387033333333335,59,-19.00,70.00,72.53,-15.19
2026-04-27T12:57:16.367105,612,20.4204,59,-19.00,70.00,72.53,-15.19
2026-04-27T12:57:16.414336,613,20.453766666666667,59,-19.00,70.00,72.53,-15.19
2026-04-27T12:57:16.466113,614,20.487133333333333,59,-19.00,70.00,72.53,-15.19
2026-04-27T12:57:16.513351,615,20.520500000000002,59,-19.00,70.00,72.53,-15.19
2026-04-27T12:57:16.562045,616,20.553866666666668,59,-19.00,70.00,72.53,-15.19
2026-04-27T12:57:16.610832,617,20.587233333333334,59,-19.00,70.00,72.53,-15.19
2026-04-27T12:57:16.661156,618,20.6206,59,-19.00,70.00,72.53,-15.19
2026-04-27T12:57:16.709492,619,20.653966666666665,59,-18.00,70.00,72.28,-14.42
2026-04-27T12:57:16.758823,620,20.687333333333335,59,-18.00,70.00,72.28,-14.42
2026-04-27T12:57:16.812383,621,20.7207,59,-19.00,70.00,72.53,-15.19
2026-04-27T12:57:16.861778,622,20.754066666666667,59,-18.00,70.00,72.28,-14.42
2026-04-27T12:57:16.969899,624,20.820800000000002,59,-18.00,71.00,73.25,-14.23
2026-04-27T12:57:17.019718,625,20.854166666666668,59,-19.00,71.00,73.50,-14.98
2026-04-27T12:57:17.070575,626,20.887533333333334,59,-18.00,70.00,72.28,-14.42
2026-04-27T12:57:17.119617,627,20.9209,59,-19.00,70.00,72.53,-15.19
2026-04-27T12:57:17.172583,628,20.954266666666665,59,-20.00,70.00,72.80,-15.95
2026-04-27T12:57:17.221194,629,20.987633333333335,59,-19.00,71.00,73.50,-14.98
2026-04-27T12:57:17.272936,630,21.021,59,-19.00,71.00,73.50,-14.98
2026-04-27T12:57:17.321832,631,21.054366666666667,59,-19.00,70.00,72.53,-15.19
2026-04-27T12:57:17.372215,632,21.087733333333333,59,-20.00,70.00,72.80,-15.95
2026-04-27T12:57:17.481580,634,21.154466666666668,59,-19.00,70.00,72.53,-15.19
2026-04-27T12:57:17.532869,635,21.187833333333334,59,-18.00,70.00,72.28,-14.42
2026-04-27T12:57:17.586616,636,21.2212,59,-18.00,70.00,72.28,-14.42
2026-04-27T12:57:17.640239,637,21.254566666666665,59,-18.00,70.00,72.28,-14.42
2026-04-27T12:57:17.689703,638,21.287933333333335,59,-18.00,70.00,72.28,-14.42
2026-04-27T12:57:17.736911,639,21.3213,59,-18.00,70.00,72.28,-14.42
2026-04-27T12:57:17.785530,640,21.354666666666667,59,-18.00,70.00,72.28,-14.42
2026-04-27T12:57:17.837250,641,21.388033333333333,59,-18.00,71.00,73.25,-14.23
2026-04-27T12:57:17.887829,642,21.421400000000002,59,-18.00,70.00,72.28,-14.42
2026-04-27T12:57:17.937262,643,21.454766666666668,59,-17.00,70.00,72.03,-13.65
2026-04-27T12:57:17.986392,644,21.488133333333334,59,-17.00,71.00,73.01,-13.47
2026-04-27T12:57:18.035731,645,21.5215,59,-17.00,70.00,72.03,-13.65
2026-04-27T12:57:18.084047,646,21.554866666666666,59,-17.00,70.00,72.03,-13.65
2026-04-27T12:57:18.134731,647,21.588233333333335,59,-17.00,70.00,72.03,-13.65
2026-04-27T12:57:18.187925,648,21.6216,59,-17.00,70.00,72.03,-13.65
2026-04-27T12:57:18.240861,649,21.654966666666667,59,-17.00,70.00,72.03,-13.65
2026-04-27T12:57:18.292596,650,21.688333333333333,59,-17.00,70.00,72.03,-13.65
2026-04-27T12:57:18.339868,651,21.721700000000002,59,-17.00,70.00,72.03,-13.65
2026-04-27T12:57:18.389498,652,21.755066666666668,59,-17.00,70.00,72.03,-13.65
2026-04-27T12:57:18.437581,653,21.788433333333334,59,-17.00,70.00,72.03,-13.65
2026-04-27T12:57:18.490757,654,21.8218,59,-17.00,70.00,72.03,-13.65
2026-04-27T12:57:18.541120,655,21.855166666666666,59,-17.00,70.00,72.03,-13.65
2026-04-27T12:57:18.595332,656,21.888533333333335,59,-17.00,70.00,72.03,-13.65
2026-04-27T12:57:18.647574,657,21.9219,59,-17.00,70.00,72.03,-13.65
2026-04-27T12:57:18.704483,658,21.955266666666667,59,-18.00,70.00,72.28,-14.42
2026-04-27T12:57:18.759395,659,21.988633333333333,59,-18.00,70.00,72.28,-14.42
2026-04-27T12:57:18.809726,660,22.022000000000002,59,-18.00,70.00,72.28,-14.42
2026-04-27T12:57:18.860662,661,22.055366666666668,59,-18.00,70.00,72.28,-14.42
2026-04-27T12:57:18.914100,662,22.088733333333334,59,-18.00,70.00,72.28,-14.42
2026-04-27T12:57:19.014229,663,22.1221,59,-18.00,70.00,72.28,-14.42
2026-04-27T12:57:19.069316,664,22.155466666666666,59,-18.00,70.00,72.28,-14.42
2026-04-27T12:57:19.125037,665,22.188833333333335,59,-18.00,70.00,72.28,-14.42
2026-04-27T12:57:19.176185,666,22.2222,59,-18.00,70.00,72.28,-14.42
2026-04-27T12:57:19.227523,667,22.255566666666667,59,-17.00,70.00,72.03,-13.65
2026-04-27T12:57:19.280120,668,22.288933333333333,59,-17.00,70.00,72.03,-13.65
2026-04-27T12:57:19.333067,669,22.322300000000002,59,-17.00,70.00,72.03,-13.65
2026-04-27T12:57:19.386789,670,22.355666666666668,59,-17.00,70.00,72.03,-13.65
2026-04-27T12:57:19.440479,671,22.389033333333334,59,-17.00,70.00,72.03,-13.65
2026-04-27T12:57:19.494386,672,22.4224,59,-17.00,70.00,72.03,-13.65
2026-04-27T12:57:19.543820,673,22.455766666666666,59,-17.00,70.00,72.03,-13.65
2026-04-27T12:57:19.596081,674,22.489133333333335,59,-17.00,71.00,73.01,-13.47
2026-04-27T12:57:19.648934,675,22.5225,59,-18.00,71.00,73.25,-14.23
2026-04-27T12:57:19.701214,676,22.555866666666667,59,-18.00,70.00,72.28,-14.42
2026-04-27T12:57:19.754505,677,22.589233333333333,59,-18.00,70.00,72.28,-14.42
2026-04-27T12:57:19.807978,678,22.622600000000002,59,-17.00,71.00,73.01,-13.47
2026-04-27T12:57:19.860124,679,22.655966666666668,59,-17.00,71.00,73.01,-13.47
2026-04-27T12:57:19.910510,680,22.689333333333334,59,-17.00,71.00,73.01,-13.47
2026-04-27T12:57:19.959964,681,22.7227,59,-17.00,71.00,73.01,-13.47
2026-04-27T12:57:20.010488,682,22.756066666666666,59,-18.00,71.00,73.25,-14.23
2026-04-27T12:57:20.060838,683,22.789433333333335,59,-18.00,71.00,73.25,-14.23
2026-04-27T12:57:20.110618,684,22.8228,59,-18.00,70.00,72.28,-14.42
2026-04-27T12:57:20.161591,685,22.856166666666667,59,-18.00,70.00,72.28,-14.42
2026-04-27T12:57:20.213047,686,22.889533333333333,59,-18.00,70.00,72.28,-14.42
2026-04-27T12:57:20.266585,687,22.922900000000002,59,-18.00,70.00,72.28,-14.42
2026-04-27T12:57:20.314189,688,22.956266666666668,59,-18.00,70.00,72.28,-14.42
2026-04-27T12:57:20.367771,689,22.989633333333334,59,-18.00,70.00,72.28,-14.42
2026-04-27T12:57:20.419885,690,23.023,59,-17.00,70.00,72.03,-13.65
2026-04-27T12:57:20.476271,691,23.056366666666666,59,-17.00,70.00,72.03,-13.65
2026-04-27T12:57:20.525049,692,23.089733333333335,59,-17.00,70.00,72.03,-13.65
2026-04-27T12:57:20.574149,693,23.1231,59,-17.00,70.00,72.03,-13.65
2026-04-27T12:57:20.626024,694,23.156466666666667,59,-17.00,70.00,72.03,-13.65
2026-04-27T12:57:20.678348,695,23.189833333333333,59,-17.00,70.00,72.03,-13.65
2026-04-27T12:57:20.732362,696,23.223200000000002,59,-17.00,70.00,72.03,-13.65
2026-04-27T12:57:20.783064,697,23.256566666666668,59,-17.00,70.00,72.03,-13.65
2026-04-27T12:57:20.833750,698,23.289933333333334,59,-17.00,70.00,72.03,-13.65
2026-04-27T12:57:20.884392,699,23.3233,59,-17.00,70.00,72.03,-13.65
2026-04-27T12:57:20.936291,700,23.356666666666666,59,-17.00,70.00,72.03,-13.65
2026-04-27T12:57:20.985731,701,23.390033333333335,59,-17.00,70.00,72.03,-13.65
2026-04-27T12:57:21.035091,702,23.4234,59,-17.00,70.00,72.03,-13.65
2026-04-27T12:57:21.135129,703,23.456766666666667,59,-17.00,70.00,72.03,-13.65
2026-04-27T12:57:21.187948,704,23.490133333333333,59,-17.00,70.00,72.03,-13.65
2026-04-27T12:57:21.243548,705,23.523500000000002,59,-17.00,70.00,72.03,-13.65
2026-04-27T12:57:21.296295,706,23.556866666666668,59,-17.00,70.00,72.03,-13.65
2026-04-27T12:57:21.346662,707,23.590233333333334,59,-17.00,70.00,72.03,-13.65
2026-04-27T12:57:21.397063,708,23.6236,59,-17.00,70.00,72.03,-13.65
2026-04-27T12:57:21.448752,709,23.656966666666666,59,-17.00,70.00,72.03,-13.65
2026-04-27T12:57:21.500425,710,23.690333333333335,59,-18.00,70.00,72.28,-14.42
2026-04-27T12:57:21.552996,711,23.7237,59,-18.00,70.00,72.28,-14.42
2026-04-27T12:57:21.606820,712,23.757066666666667,59,-18.00,70.00,72.28,-14.42
2026-04-27T12:57:21.658275,713,23.790433333333333,59,-18.00,70.00,72.28,-14.42
2026-04-27T12:57:21.711735,714,23.823800000000002,59,-17.00,70.00,72.03,-13.65
2026-04-27T12:57:21.770342,715,23.857166666666668,59,-17.00,70.00,72.03,-13.65
2026-04-27T12:57:21.826815,716,23.890533333333334,59,-17.00,70.00,72.03,-13.65
2026-04-27T12:57:21.876810,717,23.9239,59,-18.00,70.00,72.28,-14.42
2026-04-27T12:57:21.926836,718,23.957266666666666,59,-18.00,70.00,72.28,-14.42
2026-04-27T12:57:21.976400,719,23.990633333333335,59,-18.00,70.00,72.28,-14.42
2026-04-27T12:57:22.024909,720,24.024,59,-18.00,70.00,72.28,-14.42
2026-04-27T12:57:22.075164,721,24.057366666666667,59,-18.00,70.00,72.28,-14.42
2026-04-27T12:57:22.124548,722,24.090733333333333,59,-18.00,70.00,72.28,-14.42
2026-04-27T12:57:22.174191,723,24.124100000000002,59,-18.00,70.00,72.28,-14.42
2026-04-27T12:57:22.229051,724,24.157466666666668,59,-17.00,70.00,72.03,-13.65
2026-04-27T12:57:22.281375,725,24.190833333333334,59,-17.00,70.00,72.03,-13.65
2026-04-27T12:57:22.331731,726,24.2242,59,-17.00,70.00,72.03,-13.65
2026-04-27T12:57:22.382839,727,24.257566666666666,59,-18.00,70.00,72.28,-14.42
2026-04-27T12:57:22.433731,728,24.290933333333335,59,-18.00,70.00,72.28,-14.42
2026-04-27T12:57:22.490298,729,24.3243,59,-18.00,70.00,72.28,-14.42
2026-04-27T12:57:22.540677,730,24.357666666666667,59,-18.00,70.00,72.28,-14.42
2026-04-27T12:57:22.590891,731,24.391033333333333,59,-18.00,70.00,72.28,-14.42
2026-04-27T12:57:22.640918,732,24.424400000000002,59,-18.00,70.00,72.28,-14.42
2026-04-27T12:57:22.692061,733,24.457766666666668,59,-18.00,70.00,72.28,-14.42
2026-04-27T12:57:22.742589,734,24.491133333333334,59,-18.00,70.00,72.28,-14.42
2026-04-27T12:57:22.794168,735,24.5245,59,-18.00,70.00,72.28,-14.42
2026-04-27T12:57:22.845160,736,24.557866666666666,59,-18.00,70.00,72.28,-14.42
2026-04-27T12:57:22.897288,737,24.591233333333335,59,-18.00,71.00,73.25,-14.23
2026-04-27T12:57:22.949900,738,24.6246,59,-18.00,71.00,73.25,-14.23
2026-04-27T12:57:22.998481,739,24.657966666666667,59,-18.00,71.00,73.25,-14.23
2026-04-27T12:57:23.047924,740,24.691333333333333,59,-18.00,71.00,73.25,-14.23
2026-04-27T12:57:23.095149,741,24.724700000000002,59,-18.00,71.00,73.25,-14.23
2026-04-27T12:57:23.141804,742,24.758066666666668,59,-18.00,71.00,73.25,-14.23
2026-04-27T12:57:23.187144,743,24.791433333333334,59,-18.00,71.00,73.25,-14.23
2026-04-27T12:57:23.235630,744,24.8248,59,-18.00,71.00,73.25,-14.23
2026-04-27T12:57:23.284693,745,24.858166666666666,59,-18.00,71.00,73.25,-14.23
2026-04-27T12:57:23.337217,746,24.891533333333335,59,-18.00,71.00,73.25,-14.23
2026-04-27T12:57:23.391230,747,24.9249,59,-18.00,71.00,73.25,-14.23
2026-04-27T12:57:23.441582,748,24.958266666666667,59,-18.00,71.00,73.25,-14.23
2026-04-27T12:57:23.489412,749,24.991633333333333,59,-18.00,70.00,72.28,-14.42
2026-04-27T12:57:23.539308,750,25.025000000000002,59,-18.00,71.00,73.25,-14.23
2026-04-27T12:57:23.589582,751,25.058366666666668,59,-18.00,71.00,73.25,-14.23
2026-04-27T12:57:23.638818,752,25.091733333333334,59,-18.00,71.00,73.25,-14.23
2026-04-27T12:57:23.685668,753,25.1251,59,-19.00,71.00,73.50,-14.98
2026-04-27T12:57:23.733517,754,25.158466666666666,59,-19.00,71.00,73.50,-14.98
2026-04-27T12:57:23.782129,755,25.191833333333335,59,-19.00,71.00,73.50,-14.98
2026-04-27T12:57:23.830303,756,25.2252,59,-19.00,71.00,73.50,-14.98
2026-04-27T12:57:23.877470,757,25.258566666666667,59,-19.00,71.00,73.50,-14.98
2026-04-27T12:57:23.929816,758,25.291933333333333,59,-19.00,71.00,73.50,-14.98
2026-04-27T12:57:23.979718,759,25.325300000000002,59,-19.00,71.00,73.50,-14.98
2026-04-27T12:57:24.028386,760,25.358666666666668,59,-19.00,71.00,73.50,-14.98
2026-04-27T12:57:24.078060,761,25.392033333333334,59,-19.00,71.00,73.50,-14.98
2026-04-27T12:57:24.126015,762,25.4254,59,-19.00,71.00,73.50,-14.98
2026-04-27T12:57:24.173373,763,25.458766666666666,59,-18.00,71.00,73.25,-14.23
2026-04-27T12:57:24.222414,764,25.492133333333335,59,-18.00,71.00,73.25,-14.23
2026-04-27T12:57:24.272292,765,25.5255,59,-19.00,71.00,73.50,-14.98
2026-04-27T12:57:24.320175,766,25.558866666666667,59,-19.00,71.00,73.50,-14.98
2026-04-27T12:57:24.368893,767,25.592233333333333,59,-19.00,71.00,73.50,-14.98
2026-04-27T12:57:24.415509,768,25.625600000000002,59,-19.00,71.00,73.50,-14.98
2026-04-27T12:57:24.466649,769,25.658966666666668,59,-19.00,71.00,73.50,-14.98
2026-04-27T12:57:24.516487,770,25.692333333333334,59,-19.00,71.00,73.50,-14.98
2026-04-27T12:57:24.568297,771,25.7257,59,-19.00,71.00,73.50,-14.98
2026-04-27T12:57:24.617883,772,25.759066666666666,59,-19.00,71.00,73.50,-14.98
2026-04-27T12:57:24.666024,773,25.792433333333335,59,-19.00,71.00,73.50,-14.98
2026-04-27T12:57:24.713907,774,25.8258,59,-19.00,71.00,73.50,-14.98
2026-04-27T12:57:24.763148,775,25.859166666666667,59,-19.00,71.00,73.50,-14.98
2026-04-27T12:57:24.813637,776,25.892533333333333,59,-19.00,71.00,73.50,-14.98
2026-04-27T12:57:24.864583,777,25.925900000000002,59,-19.00,71.00,73.50,-14.98
2026-04-27T12:57:24.916895,778,25.959266666666668,59,-19.00,71.00,73.50,-14.98
2026-04-27T12:57:24.967319,779,25.992633333333334,59,-19.00,71.00,73.50,-14.98
2026-04-27T12:57:25.015149,780,26.026,59,-19.00,71.00,73.50,-14.98
